INSERT INTO GROUPS (ID, Name) VALUES
('1', '39-UX'),
('2', '91-HZ');


INSERT INTO COURSES (ID, Name, Description) VALUES
('1', 'Physics', 'Physics Description.'),
('2', 'Literature', 'Literature Description.');


INSERT INTO LECTURERS (ID, First_Name, Last_Name, Course_ID) VALUES
('1', 'Jonathan', 'Trann', '2'),
('2', 'Mary', 'Jane', '1');


INSERT INTO STUDENTS (ID, Group_ID, First_Name, Last_Name) VALUES
('1', null, 'Adriana', 'Morgan'),
('2', '2', 'Julia', 'Collins'),
('3', '1', 'Antony', 'Stone'),
('4', '2', 'Itan', 'White'),
('5', '2', 'Valery', 'Davis'),
('6', '1', 'Victor', 'Miller');


INSERT INTO LECTURES (ID, Day_number, Pair, Start, End_Time, Day, Course) VALUES
('1', '1', '3', '12:00', '13:20', '0', '1'),
('2', '1', '3', '13:30', '14:50', '0', '1'),
('3', '1', '3', '09:00', '10:20', '1', '1'),
('4', '1', '3', '09:00', '10:20', '2', '1'),
('5', '1', '3', '10:30', '11:50', '2', '1'),
('6', '1', '3', '13:30', '14:50', '2', '1'),
('7', '1', '3', '09:00', '10:20', '3', '1'),
('8', '1', '3', '09:00', '10:20', '4', '1'),
('9', '1', '3', '10:30', '11:50', '4', '1'),
('10', '1', '3', '12:00', '13:20', '4', '1'),
('11', '1', '3', '13:30', '14:50', '4', '1'),
('12', '1', '1', '09:00', '10:20', '0', '2'),
('13', '1', '2', '10:30', '11:50', '0', '2'),
('14', '1', '3', '12:00', '13:20', '0', '2'),
('15', '1', '4', '13:30', '14:50', '0', '2'),
('16', '2', '1', '09:00', '10:20', '1', '2'),
('17', '2', '2', '10:30', '11:50', '1', '2'),
('18', '2', '4', '13:30', '14:50', '1', '2'),
('19', '3', '3', '12:00', '13:20', '2', '2'),
('20', '4', '1', '09:00', '10:20', '3', '2'),
('21', '4', '2', '10:30', '11:50', '3', '2'),
('22', '4', '3', '12:00', '13:20', '3', '2'),
('23', '4', '4', '13:30', '14:50', '3', '2'),
('24', '5', '3', '12:00', '13:20', '4', '2');


INSERT INTO LECTUREGROUP (Group_ID, Lecture_ID) VALUES
    ('1', '1'),
    ('1', '2'),
    ('1', '3'),
    ('1', '4'),
    ('1', '5'),
    ('1', '6'),
    ('1', '7'),
    ('1', '8'),
    ('1', '8'),
    ('1', '9'),
    ('1', '10'),
    ('1', '11'),
    ('2', '12'),
    ('2', '13'),
    ('2', '14'),
    ('2', '15'),
    ('2', '16'),
    ('2', '17'),
    ('2', '18'),
    ('2', '19'),
    ('2', '20'),
    ('2', '21'),
    ('2', '22'),
    ('2', '23'),
    ('2', '24');

INSERT INTO USERS (id, login, password, user_role) VALUES
        (1, 'AdMo1', 'AdMo1', 'LECTURER'),
       (2, 'JuCo2', 'JuCo2', 'LECTURER'),
       (3, 'AnSt3', 'AnSt3', 'LECTURER'),
       (4, 'ItWh4', 'ItWh4', 'STUDENT'),
       (5, 'VaDa5', 'VaDa5', 'STUDENT'),
       (6, 'JuBe1', 'JuBe1', 'STUDENT'),
       (7, 'ElMo2', 'ElMo2', 'STUDENT'),
       (8, 'DeSo4', 'DeSo4', 'ADMIN'),
       (9, 'Admin', 'Admin', 'ADMIN'),
       (10, 'PeTn8', 'PeTn8', 'STAFF'),
       (11, 'RiNo7', 'RiNo7', 'STAFF');